rank,address,liquid,staked,market,total
1,terra1sffd4efk2jpdt894r04qwmtjqrrjfc52tmj6vkzjxqhd8qqu2drs3m5vzm,5828,0,0,5828
2,terra1h8psjgcsg9fef7w2yv0j6262sfcaszj8vs4tsy3uwla6zwtaspvqrp4l7v,898,0,0,898
3,terra1yct7ls8kw3x2ucm66rxg7mgtyvw7kr5v4t4xsx,422,165,0,422
4,terra1dyh999cuqjkhadpfhh878sar73mrzy65695309,324,324,0,324
5,terra1hr8zsfpch47qygc96c8e6rzkd2t7mafqx77ulw,267,258,0,267
6,terra10kwrzdaxhlp0d4ffr36ds4gkcq8w726dpum2t3,124,0,0,124
7,terra1nn7yrgjzj6zvle7ms9vlpg4cj3kaxjls4g6ugw,0,0,0,100
8,terra1my2fdaqu523g2vfv72p43wkaaa8lqf0ks2xt53,58,0,10,68
9,terra10pa0qv7mrqst053zhv9hxxt9mwhmr45ggguygs,57,0,0,57
10,terra13qjxhnw98lm36rxc9yjakkmulhpv7zctdc5zlz,51,51,0,51
11,terra1n8utaly5st5du65fgaqawhrkvm0qrlfws9kymc,43,43,0,43
12,terra1j3ynfcuzl9e5y33ts9lcfxcteh7xg2a3zzc7gm,38,38,0,38
13,terra1tt6th4t29j9g9u6nlgdggwh6gx4ea399fg8aht,37,0,0,37
14,terra18au39029aa4mey00fap4l74c936l8efjuqhf6u,34,10,1,35
15,terra175qc8zprp4e0tn2d57rsajrw7pr52mvny6hld0,0,0,33,33
16,terra1d0jq9l5narcgy46v5agnv8hqmn5m8kj3lkh93l,31,0,0,31
17,terra1alxk3fmhcl0ga80gl9yj9zp3ezjm4sdh8a9l9c,27,27,0,27
18,terra1zgu5w9ddpdt5ft36qn8cags0h8rz2uswr95p98,26,0,0,26
19,terra1fjd6thl0dqh6e5wv9z7rdrqzmtp0xau7fdejpq,26,26,0,26
20,terra1fsxuvu22sd4y28zvdrxnf0jekmcfutn8uw5kpv,23,23,0,23
21,terra1x0njjcge9xykawm7dy48va89vj6wvj77wy3a6k,22,12,0,23
22,terra1tgvlyhnqyxgwuw07h986jtnjhkcz72es3u33a9,21,21,0,21
23,terra1w5cjcvdkl004fzf0gxl8g8wga90kgk7pu2rjna,20,20,0,20
24,terra1v0k9r7csmknkcafvkem0kt4ul65qzpykjy9mpm,18,18,1,19
25,terra1emr8z0l5d42w5d2hz4gh0k03x2tnyp36zml9vp,18,0,0,18
26,terra1466ahezuy8r47mvd0qnvcjh8pqy22p9mqkj8sl,17,0,0,17
27,terra1jv2qj2qx0qndrs0qgxq8thq45z0w2uc733pwcq,17,17,0,17
28,terra130hnn9qh9naezd8q9p5cext6qse35ktxpqe07d,15,15,0,15
29,terra1qqtgqsp4a6vpcpew7dayraf8fp64s3dndqwk3h,15,0,0,15
30,terra1apeyehuxqzz0c2gegg8p84w25ptqk8u6h39drz,15,0,0,15
31,terra1n28qcuxlm0t94dlky2zny0g7w8vrrklgef7229,13,10,0,13
32,terra1nxrc3vh902uluur4909tfvelvnjmgyl74sfgam,12,0,0,12
33,terra1q0tfewa60enuu8utyjs9w7um58njhd7fn2p7d3,12,0,0,12
34,terra1rp2x90sf9zrus8newjcjcwz4n8jyt2602k2yaw,12,0,0,12
35,terra1th6xu5p2nkzvmpke2n4p66q2wkak67hqeeqlvz,12,0,0,12
36,terra1kj7pasyahtugajx9qud02r5jqaf60mtm7g5v9utr94rmdfftx0vqspf4at,11,0,0,11
37,terra1krxhlsypsmdv6nd42aejekedx2jn85qzlfy7fw,11,11,0,11
38,terra1mujx82t28as537835qm22a0s0zszmafm2l8y9r,11,11,0,11
39,terra14rpmltqh5ymwfvc24k9dyfx02lzgnuu0c5m5cm,10,10,0,10
40,terra17vya98uxt0jvn8lscz2kxv7jgztun7snqw7krz,10,10,0,10
41,terra1gpqalumaqz97h0nqyqtxf85cwte37l6hps03mt,10,10,0,10
42,terra1xtg8xja9tm9rvk0x0nakfax2yeyyaa9m4qvrf5,10,10,0,10
43,terra1wlfagw79h0tushlz7uhvg3kxg5qq6zeg6axazf,10,0,0,10
44,terra1vmuhtcu7ggz602t7lgu9j3s0mp8p5ptx05mv0w,10,0,0,10
45,terra17ezkdj0fqvm8jm9herfdutr0rd55gsu0kmfnpn,8,8,1,9
46,terra1fjklhhev666eucy7jrhvfcwgntt7yys2mes9nk,9,1,0,9
47,terra1cry3unp2h9jhhxdskzvwyetuzjpcezfqnfds20,0,0,0,9
48,terra1lnuajvm5w806yl9mqms5guprg2kpy3kyk8wyt2,9,0,0,9
49,terra1clwaxwuj9htuwwwr8d3jf3whchdezcdn0s655v,9,9,0,9
50,terra1srj2fh6w5qjxpjsrv8rndxrvx3jgu0h84huh2p,4,0,0,9
51,terra1wqv4g0z9v95lcuengwjd9hrqf6jjqckuv4cxnn,8,8,0,8
52,terra1yukk9ky7znrf7mcegwwxa773k79qgye67xmqlx,8,8,0,8
53,terra1990e6944k5rpa9hz6x8vwcqa02ad6e036qmrsd,8,0,0,8
54,terra1vjgada9t78eh4v8whp9p8cg4evq4erusx9w6w8,8,7,0,8
55,terra187tcv92rh2asrmtk3fje3x3hc6hk6099tkhuu8,8,8,0,8
56,terra1exu3f6t72x7w06ppu5vu5m5m9s4glywenfnplr,3,0,0,8
57,terra1wtjfazdwh7d6n5k844dxv4gaz8qlk80ep2qqn3,7,0,0,7
58,terra19v568fzuguj4mu9np4scecm2ye90zdw8gq0nh6,7,7,0,7
59,terra1xl324wuxrqkpwntzs6guhc757fmrsrx3meyykd,7,7,0,7
60,terra16d6pzemu64ckee4l9t2ryrpjdgdrmxzd5jaajp,6,6,0,6
61,terra1n5k2ce4cf6xyt9vpqr30eshu47fz0yqaexcaz5,6,0,0,6
62,terra1hch3fmt0kk2verlk26srsy67x8gr920j5cll3g,6,6,0,6
63,terra14xhypjkmweanv5f4ay7n8zvvzug8nfmnpahu7y,6,6,0,6
64,terra1z66y9672ulh5hhaa9t5nwhgra8retxn29wkcad,6,0,0,6
65,terra1kht0pj9064mc9w94y4mg4eny8yvspc68fwdxm5,0,0,0,6
66,terra1zstf4e0au48fy56kkztsfea2m4fl4nd040etn8,5,5,1,6
67,terra16vnmejq27c3s9ut4mnlrwfq3vlpjmsd3xs3w60,6,6,0,6
68,terra1spe027w5ts7dezsvxpx6tkkf5q6djpd7emjzwq,6,0,0,6
69,terra13fjdkfnrk2x79cpw6hfk0teqcdp8phpd9nr490,6,0,0,6
70,terra15rku203wqn9ru4p54k5p78j6tk6tmqkjwwpae4,6,6,0,6
71,terra1sljvft675xeesc6a8a8w0vj0nmt6vqzqtv0eqd,5,0,0,5
72,terra1qss6vvfwaxs8wy9cc4jn2q56q0leevjv5tjakt,5,5,0,5
73,terra1k7wrmppe2dl5jerlpu3nlucqgudk8s3ngx48py,5,5,0,5
74,terra1trentxzr74g2djc6a78ppazkqhv088xqr5ypre,5,0,0,5
75,terra1eqaq2kuntl3jh4xd5sjxcf9ncpuk2plml0dgsg,5,0,0,5
76,terra1m753uer4mzysev8h359cxpq86uvr0rzhkfdl7w,5,5,0,5
77,terra1f73eyq3a3zq52sq5ul5jmjh85xnux6agjkypsw,0,0,0,5
78,terra1dm8uh0782rxufjdgelap72w86l205qs54un5ky,5,5,0,5
79,terra1f0p979gm6evwkhz8ahw0vxvgsjs3gtf4ff0hhn,5,0,0,5
80,terra14tdsywzgsqd3kctlvyx6nz0dyhdeuypx7keleg,0,0,0,5
81,terra1lvtk7gme33a8qwc7xagnqemluwxjk948t60fg6,5,0,0,5
82,terra12h0hympmykpt8j5f05z6mxwsa0wam3d5vx6hx7,5,5,0,5
83,terra1pxuver865uwuffk43upunt05rzmvw7syxlw38z,0,0,0,4
84,terra1jpqphvz2d24ys4z8llwh643yj94ksc4rxfda0e,4,0,0,4
85,terra1ettjrqla8cpmx0wvdurjynn7776gurx5ywfufx,4,0,0,4
86,terra1vejelzded8yhd3hsnvqluuv3kkpjp4gz54px2v,3,0,0,4
87,terra174jqm68e3mp28gwcqxu5q4vvdyjujefl7pxf8d,4,4,0,4
88,terra1wpg32jhp3qnaguyayy6phxhz3kpv2c6reg9lta,4,0,0,4
89,terra19ujmpkuamfpsk3ujqrh09rzqegqn95fugu3yf8,4,4,0,4
90,terra1d73fvpwm8stsy5y9epfn6fedm74egn2d85xg7t,4,4,0,4
91,terra1nrt0tcqc3kazztzfhyd2pf9q59p49ywu9g36w8,4,0,0,4
92,terra1xrz940kw377snj292z9sktqm5ex983v33h6j5s,0,0,4,4
93,terra15wqx0a088hngpcc5ckfhp2k6uy56h5jq69gqml,0,0,0,4
94,terra1ysxg3v9udswxqf6cequgzd77p89vepsjezvf94,0,0,4,4
95,terra1q6wxdv6rc7p4jjhayg4smj7trxcmwfy44yqk3n,4,4,0,4
96,terra1hzyzys3s7s7xsls5gvsta3z3ylcy7fjcnpgmas,4,4,0,4
97,terra1dnge4t4jnghdmzlqna2utt4munzl257jme6qye,3,0,0,3
98,terra1kw4xe0sjlungq7pm7h7780gmm0wd46kzvd2w9s,3,3,0,3
99,terra1vm5azhvaxeanc7auxh02y8jmxrk8tj93f6aywp,3,0,0,3
100,terra10nyxzaz32hx7durcpfr3lxrr5c0nkhvgf7436f,0,0,0,3
101,terra10a4mywgdtf4feaafu7csqhvxk0ugsywl5z0hem,0,0,0,3
102,terra13g40yedrn7y6mgrv5artasxt8sj2nlat2z3nux,0,0,0,3
103,terra1lhrvtp45zn67dks9g55hf7plnfpsp9jxud0ufp,3,0,0,3
104,terra1drj49mmalxuvhxwt5yk02ea7csflnzpfssn6ge,3,0,0,3
105,terra1uaxwcjuswy60cvr2lknks2j6kpwpqqhnuxlvu3,3,3,0,3
106,terra1fye4el7alj0zekd5eqr29053unqqwjhaymnng3,3,3,0,3
107,terra1k6424kpxl2ax6c58lutrz2sdkllyuq9dafq8f8,3,3,0,3
108,terra1gudw9nanjmwjgjqree4k0x8aqft8w4rsththl6,3,3,0,3
109,terra1r086c539nhw5t6khsjy3xe9x3s9f6l5v9rdz9x,3,3,0,3
110,terra1yu076nvjakk759r9tlsnhhtvnyn3addq60ush0,0,0,0,3
111,terra1dfhtfjemtx7gxe6z2psqa3e497enu5hg55ww6y,0,0,0,3
112,terra1825czwm8d69kk30c82zmlc03s47cjvudsn5ag2,3,3,0,3
113,terra1kt5wxtdjewnwlg68scjpknxaz0jgvzskxs3lta,3,3,0,3
114,terra1dve8zlfxlwajnw4gxkd5540mr95wxjm3eeckep,3,0,0,3
115,terra1mq7zc8xjc5mye7vcpqfjwcchs9zsf45pxtwyre,3,3,0,3
116,terra1je9hqw9m8guxwny2qd6j802cqafp5av8vq4pf2,3,3,0,3
117,terra1rtm76eccc5ka0dd8eac7j2w64qvclr2jkg89q3,2,0,0,3
118,terra124sffy6y07qm36cptumtg94ur69e7sf85q5fem,3,3,0,3
119,terra18ljvj5jycg3yc8s9epknscxs25h6txzyy4aane,3,0,0,3
120,terra1w7at930k5t3axzgu94txh8lpwftp7nvm3x5l9k,3,3,0,3
121,terra1w7ayljrk3hf9xnvsg042l2vdyuyptd7wf2rpx8,3,3,0,3
122,terra1n75apcsmzejuwu6qn2zath5maaw83d0s4gmx4j,3,3,0,3
123,terra1w88tmp6p9nf9sg4fzlr9dqxx7y4xjwfwgt4urz,3,3,0,3
124,terra1s0xk5m95ldmsqnyq6qh2h0nlyqtkwzu45y55x5,0,0,0,3
125,terra1mqmqc7vmjpslgeju4m0pwwt94gutllnur775kv,2,0,1,3
126,terra12u7jfsekpjp3k9g766qjxe9wcvelpxp06474pl,0,0,0,3
127,terra1zsrrs5wpxvmt6sjfaz64p5e2hquczu284txq4u,3,3,0,3
128,terra1hwsm9fm0j79lgfgd37z8fe6gsxl4d4mxtc5td8,3,0,0,3
129,terra1gnuzu4cp7wh900rg0xgvkeq5rpaluw6srv6l0k,3,3,0,3
130,terra1qxv56zdtp0dhf709zem0tajl4vw3dvzmd08ge9,3,0,0,3
131,terra1p3x7fcpjqhenwu8x3q0lxpfhlecd8rs0yepn5k,3,3,0,3
132,terra1jjzq6n86cdd3qqq2mq3qxrr756wyadhks29mmg,3,0,0,3
133,terra1y0c679k2dzshzmrgz8fjj3ed6gv84h53grcer6,3,0,0,3
134,terra199jlusyxpj7p5s9emw62fedjp7j3frw0nk3h5q,0,0,0,3
135,terra1ux077aq7qqy5h56rvtedgpkfmxjn6pz6ptz9qr,3,0,0,3
136,terra1fgqgr342dhaz6e747tpakwuknwhane0lg09wng,3,3,0,3
137,terra1rxewq5ksxqp2skt9cdpvnuajvspn6eevczcctv,3,0,0,3
138,terra1ur6629jtzrk7fr94vlg9dythm5nnukay7m00sv,3,3,0,3
139,terra1y4059q78s3ua85cje49stpyx5f7x574f4nrzgj,2,0,0,3
140,terra1lquf92zhukyksj0746tt0hefy77l2vjyumttd6,3,0,0,3
141,terra1suvx3ndp24kwdm2cns6l3eyu6jyssef38wzzef,0,0,0,3
142,terra1lvww36m4e8k2sq5ss4vsa5c0msjh8wm7mv0e7l,3,0,0,3
143,terra1y7fju2etkhzjl2pq9ph8thc0rmeldc2486aa86,3,0,0,3
144,terra1g9y27q0txc656ckj9lwvfv689a4gc3egerejj7,0,0,0,3
145,terra1xvmwdwc50ukr66gk70yuh0f70rkl2yg5wwc4fh,0,0,0,2
146,terra1k3lrud2y0hlamzfuyyer63t3789vvf83rfwvnx,1,0,0,2
147,terra1220zac029dwpy9usfnnx0awmwmleur56evat8j,2,0,0,2
148,terra1xwn3xt4u3yxcn7yd37qphz6ktq5kua2kehsfx5,0,0,0,2
149,terra1rz039rdm5yf0s62phmpmhjcmhm5v3gf6cc5j9e,2,0,0,2
150,terra1y5mneh2gamuztzza42pdd89u47sdx9kqdy022l,2,1,0,2
151,terra1p80uzwf6eufc3hxcv4k8354dtkwkx05wk2zfsl,0,0,0,2
152,terra17scjzhn9s2pv867j4hple2l367h8ggcvw53ewr,0,0,0,2
153,terra1ejdne6l4tmfg5s6z2yhnk6juqnjkvdf2wj8g6f,0,0,0,2
154,terra1k299wgf4w88j85kvv9x7e4ws0d240c44hy9tzy,2,1,0,2
155,terra1yknmtn62y07fug7rct0f6xyd4lfrsesh2n5slg,2,0,0,2
156,terra1aewzxqges8n8p5f0u0sve4w6gktlnkkjjkre43,2,2,0,2
157,terra13lr8wg5dhus8l67qjrq3qa3ruhl49dnct4anrc,2,2,0,2
158,terra1k0p5flc2ltw38xtc8xkq3ylum4g4s77ny38ne5,1,0,0,2
159,terra1dv982f7wm7czfjva6x4v02naj56qs9efcyd0ez,1,0,0,2
160,terra1yqv0af22675wlcmgflxk4ve07vt8qlm999gk0cuw5l64r5xxgadsyg8ywv,2,0,0,2
161,terra1ptezg6qlfzy85kctl2gtdsd4nqkpswsr58mtv8,2,2,0,2
162,terra1hppefqufuetxkyzhvrmw5p27kh3myyzrac6tn3,0,0,0,2
163,terra1jyz6r7ky2lrpcyucey3j65aapf3h9ynfhag2sh,2,2,0,2
164,terra15xwsmwc0elma7g45pmy7gy87u72cp8nmf8sny7,2,2,0,2
165,terra13n7are9cagecn90rdqwddzkp5wjdz4z8axajl7,2,0,0,2
166,terra1ywrk2thvg2t2mhzztenvt0c6whw5rd7dfdu39t,2,2,0,2
167,terra1ywtax43dz4l7jlpts49fj7g8nrwyrj022jgzmj,0,0,0,2
168,terra1rswkqrpnha7ttr7svj52ylw2j5kcyw9hrhz4vr,0,0,0,2
169,terra180zkrg7grjp6ffxqljsx3xnagg3fzem8ydccza,0,0,0,2
170,terra1rnwr9zjgf6204lyk37w0l6hhtaptke5m2cfpmf,2,0,0,2
171,terra1qashcgk5cqgljag0pqad0qnzdwkgxn8ue5dlh2,2,0,0,2
172,terra1hufqtn9hh9ckasktyvfqzjmevzg0q972svdema,2,0,0,2
173,terra1jt40yaa0yw9zcdk5wsnhwuyjcf5kwsjrn830kc,0,0,0,2
174,terra1reu8s0ls22zmrfdrdstlcn0av6fz87jkp8rgue,2,0,0,2
175,terra1dzvlltcs6fg9hldtnykgm7fre4j8j5z6w5wrjd,0,0,0,2
176,terra10c6l9mm0vzjgh885yx5geks6azfulj3y7pyrml,1,1,0,2
177,terra1zaq3ghh7fmggw8sjsfscmhha7rnrq5cndsmwpp,2,2,0,2
178,terra1as8j8qhexvsc3sy0gxrfajuuggwar45chfhqwn,2,0,0,2
179,terra1ltgupfjzamh6zunm9v7mlyluv89k3hppqjh26t,2,0,0,2
180,terra1cn70sru5ut70rgr8trq9q7kjqtkcuefsgfzg36,2,2,0,2
181,terra1fcm6mzxls0j59gfvt2d8xeea38fsq02n8stnnf,2,2,0,2
182,terra106gxl63etf3rywcregwaa69l5ml0ck5ugjrgmg,0,0,0,2
183,terra1v6890jqg9yfnxn5kldy9s4mzt48y47xpucpjys,2,2,0,2
184,terra10w4r9qgtslmk956nshl8f99srwkrpavhd6n6vq,2,2,0,2
185,terra19kpj7twpc96kgghgrqw3u2x8en6s8q7ngr3ty6,1,0,0,2
186,terra1f9g3dywpf9ypdhh4xd4mnt3m36e2405m9fn44u,2,0,0,2
187,terra146mtjp6q5vcfwg4n5tdmc7yap5q83m2ru7ylxx,2,0,0,2
188,terra195qt5zc8znz6vgpsj239kgpd09cere4h8mdj9q,2,2,0,2
189,terra1m9f0kqmuakcr2ww8a0xeeuuz8z4qenwdrqzfa8,0,0,0,2
190,terra15heeg7rt6j5kywqx49r2yfez5crjggj78y6yx0,0,0,0,2
191,terra19pl6u08wzdxzxw8y8r2mwj5qd58zgrxhtxg7aq,0,0,0,2
192,terra10lznz809q80re8fm9qa7cazu8crl4f76v3ccs8,2,0,0,2
193,terra1g6054czmwvle0rahwazkdpmtllyfyhnvjr94hn,2,2,0,2
194,terra1g655nxkfvgaayk0yw99zykgeezvyd2w5n4khyr,2,0,0,2
195,terra1vwlde6e8yxms34p4km73u89emfda0kxdtjjuq2,2,2,0,2
196,terra1vwpm2gzztvt847hh669w8w2mlvwmjdq2dzwpry,2,2,0,2
197,terra1zla8ld2ewhenmyf5l0f0guxq00z3653mqumcgr,2,2,0,2
198,terra1l69w6prvxdnapgxgcl4qnq9stuvwkqhxswqzuf,1,0,0,2
199,terra1d0zzmhwgs79u7fr98sgnmp7f9t2x2wj6mmnu2s,2,2,0,2
200,terra155ngmxg2us7pnq2n0mf3pc59a89hplnpyhqywk,2,0,0,2
201,terra1mu7mx7j09halwdtrjn4065mdwclhzv074nazsx,1,0,0,2
202,terra142qcgrmqk3x8nh49de76w66lynmrapqjlxvpm8,2,0,0,2
203,terra1mupt2dd70d7esxyt3k7xxgtglz36uv46zlu74d,2,2,0,2
204,terra1wcu4z49ma9mfs57t5h2nvdjvs6jqdls2fq3y5x,0,0,0,2
205,terra1wfvxvzhkn4lgphser75h6ljmcw8kdw6vel4970,0,0,0,2
206,terra1u53z4uhcz08hkmmmqmld7r5yg4pgc8k2a24ge5,2,2,0,2
207,terra149h2na988cka05rwcpmnqfse64r6vspmfmkk0z,2,0,0,2
208,terra1zrcmjmwfwdp4e8leasjavlhyaj5rrn86lcjqeg,0,0,0,2
209,terra1wqfxpzm508ejuv5a20zv4xa4pqzz48k3guujhp,2,0,0,2
210,terra10ep3rpmjjhumzeglgxfd9zs5cmt5awxhyjsrte,0,0,0,2
211,terra18nx8mdtre800zs2qfww64xx4003n0aum60s7jr,0,0,0,2
212,terra1tna52pya6rltrer3nsrxvqnlhejgjdv40ryqum,2,2,0,2
213,terra1gfmxrzjg4k5203ff5j50hqgazppdfjzyz0k3y0,1,0,0,2
214,terra18atq3jq6usqk379gkrec65ukqx8xpa7esnw3nt,0,0,0,2
215,terra1zsq6m292pfvnye2cntfdaz3qguxyz3twmld6ux,0,0,0,2
216,terra1kc0sg8a25c83cl6qjhnvp92f0aqdxrwa5d22qg,0,0,0,2
217,terra18as9l7rf27v2632zhwteurnkrw0nt3gs7h8hzw,2,0,0,2
218,terra1stm6tqdd99lrp825hvj5ye2alsurz6f7slmp24,0,0,0,2
219,terra1k7cftdjzdmtqmfl5nyny8vu77m280tm8c009x5,0,0,2,2
220,terra1x5n6qrd4kmqasft9mcelvn6ansurx26h0fp4pm,0,0,0,2
221,terra1nhvjgyga4yfkmzv7ts79vu3w2azj6mes0jhccm,1,1,0,2
222,terra16cemgtx5cwuxzfprp7zg96pmkpkhzzyf8gav4r,2,2,0,2
223,terra1gt34vqgxpkeysrkmq7j3992hv83yyaf49pgw9d,2,2,0,2
224,terra17g9tpu0u6hpukmvsa2uj200jmvrnl8pfdcevzl,0,0,0,2
225,terra129qed4tt7z3q9zdu7k7x7sx9m6m2zzflag47g9,1,0,0,2
226,terra1xhpknfxfp8agkse5u6gk8zugh0jh4a946d5swp,2,2,0,2
227,terra17lapk5p993ugazmv2uuc2wdrn3qveqlh7hklpj,2,2,0,2
228,terra17nq7lgc3y67a37pyf0ljnlec9cr2906fpl9psr,1,0,0,2
229,terra1j6l072n7m8gzy3xuwwh67w7dtzwx8k0996xw2l,2,2,0,2
230,terra1nx2vmfs8fk3lwgsar7a93pwfuzk37r34smm8mq,1,0,0,2
231,terra14sel4a2dm5a986dgf6wvkzk2lqfq3me72v8fy7,2,0,0,2
232,terra1dqst5kxwruc4g4fflv9rejmrcm0ezkxc2zw4x5,1,1,0,1
233,terra1dr9xlcr5s7dt7apycdxe82g5l66pyh3djad20w,1,1,0,1
234,terra1drwt52wuqd2p3z5y9pgylhnmqaaznga8xwfcds,1,0,0,1
235,terra1duwwejcudtnxkfmvua50vgdlcfpx9aqxatpmtm,1,0,0,1
236,terra1dw80j7tw39e0t0qwlgd9tzfl8vmuqf4wfd4hw6,1,1,0,1
237,terra1dwlzsfu6hf2svtgc3p9mupv75ku7asdjw562lh,1,0,0,1
238,terra1dyvfgwvcjx5nkh987q6n7sxscc7az0u4h42wm2,0,0,0,1
239,terra1e0d0daqr34t7kgdumgrlrwf7xye9alqf5wfsz8,1,0,0,1
240,terra1e2c6mvm0f7zk5jj8g55sjtdqkng5mw8mp2gxzc,0,0,0,1
241,terra1e3r0eezgjsfkk0pwlyhr4rlaz5n8yfp8qpnqgp,0,0,0,1
242,terra1e6p930wzfena6n7c5qkcvv3rckguuevmsy9rjz,0,0,0,1
243,terra1e88haqx09n6qq8vksffhyhp36g0gx4yux5w2a8,1,0,0,1
244,terra1ea5pmhqv0g8rl5fg8cf9qlpj9s6nnvmmlh5dsr,1,0,0,1
245,terra1ecpf8wh4kum4qh96ga35lpk7facyhyjge57auc,0,0,0,1
246,terra1ed3qw4y4ca3lpj82ugg2jqsjr9czd0yyldcpp5n5yd7hu6udqafslz0nmg,1,0,0,1
247,terra1eh5deqmpr30v7g6k58ad6z55l85gx6u3780hw4,1,0,0,1
248,terra1ehal8xp0m9teqn3fsyf9xzqc9fk030gc45fjse,0,0,0,1
249,terra1ekzsuuccwewapj7adw5y5rv3a5c0lsrmsa3me8,1,0,0,1
250,terra1emc2kzqefwgasyq48qr7q3p7gjjlw4cd9a8t7s,0,0,0,1
251,terra1emlrtly8pgrkjzq7hz5xem28842nu0nghmhh80,1,0,0,1
252,terra1enj5sly30kmn0uxhhaylaavfwmfp68xc3sr7vq,1,0,0,1
253,terra1enz9lcdcwl6km89jfcgyvk965lhs8t9pk9t43c,1,0,0,1
254,terra1eqmvce66d4ywqp09uhpcsn3celgc4pa3gdvzvt,1,0,0,1
255,terra1et6guykg48qvkm6ml84ad4pzdaknutsa4ettra,1,0,0,1
256,terra1ew8tm6wwyk2y6a9nz0kpmd2gny08jsean4gsh8,1,0,0,1
257,terra1ewxqzej62khpv3w25k87exgrfcr300auu4s8ux,0,0,0,1
258,terra1ex0ls373fdw3uufackgfedpfd2yqp9p9n7uyz9,1,0,0,1
259,terra1exmn56ehyp36qaq79f53smkwn3rq0udjj6k5yv,0,0,0,1
260,terra1ey9z5wwr6nf8mh96ruhwy6sc5gmuntfuyfdqdx,1,1,0,1
261,terra1eykdj5xp2tgcauryaj65dc0d7dnu0ze2gt72wy,1,0,0,1
262,terra1eyz7rha6jnr55jcxaq7h5pukmt9tdzmvvnf6tq,0,0,0,1
263,terra1f0z9sm9dz37h9z69yl5smcp6sd5jphv6zynre6,1,1,0,1
264,terra1f2mvwhq387qpz4mamkvy8sfx6kxzguf3eymdl0,0,0,0,1
265,terra1f3pahjh0vcqeqvj2evasen3sa6xkmqy6enf2c9,1,0,0,1
266,terra1f4q6rueku20ygq8wj8eyzv6csh0runf3cpx2qu,1,0,0,1
267,terra1f6tkja76uc5dpa4rmf8m358w27y23cxwyamdtc,1,0,0,1
268,terra1f8u4vxkmdkmgmgawxpwve9xca8sh0qz7qxftpq,0,0,0,1
269,terra1fcsvy758ymnhkhu5x5y2pudjev4tt824jk0d63,0,0,0,1
270,terra1fh3n9hxw2h4nqaeu2ecas0eu4espcnvevpcljf,0,0,0,1
271,terra1fje0f2545j8fjceqwum4nw4rcgfruqlhk8jyl3,0,0,0,1
272,terra1fjhdw4p6daaakgc42ygrkl3gx6lz29ekwp6uzm,1,0,0,1
273,terra1fltwwne3spx8u2w4lz9ngcwd6ajwf0urwvsa8u,1,0,0,1
274,terra1fmhe36k060w0cgpwfgp97saej8sk056tfqltyg,0,0,0,1
275,terra1fntz556dg6chvzkv8jv83mddfanqnku33ytr32,0,0,0,1
276,terra1fqvqhj0ar75e0z0knhwjuzlejp5qw2kwq6y2j8,0,0,0,1
277,terra1ftfwst6fe3e8zlnjlwrp5vmnsf0246wr56x3q7,0,0,0,1
278,terra1fxymqd60rgfxq62et07hgavxvy7ghvuqm7e6md,0,0,0,1
279,terra1fyt6ttm2wcqhnrem0vqqc9t42mkx9udgagccf6,0,0,0,1
280,terra1g4cvwhye3j99lz822gpz5f3t7purlwxwyrxf6r,1,1,0,1
281,terra1g4xnrkkuccfw0e2rx8xk4vq0lg7a72v4yhl3d3,1,0,0,1
282,terra1g65cpke0qga6kk7c54rmynl9kyk80hxdy8usx9,0,0,0,1
283,terra1g68kxu93k62v0ycf0a5j9d48hknffkgz7t3al3,0,0,0,1
284,terra1g692jde5e7nqpml4rmxgge22m3qvft8ufctpes,1,0,0,1
285,terra1galsk2gqf9c3zjvuukkg4apn305ht5xemax88j,0,0,0,1
286,terra1gcslw80lpe8tdl55myxhspdxljydeuvc6s83ye,1,0,0,1
287,terra1gfnldc5awsvaysudekzgzrqze3e0denqzkfeex,0,0,0,1
288,terra1ggx3feptwzn9f6y826tzq5q9c5sxrtaw2fa2p9,1,0,0,1
289,terra1ghfll96w20dvgul4v6yar7heqe0pehrw6s78w6,0,0,0,1
290,terra1gp88fnzd4uvk4t5plagz762a29f88qgew3kfa2,1,1,0,1
291,terra1gpyztc00z2xvchkhleetckc605a03wm9ryegkk,0,0,0,1
292,terra1gr96xwepumey68ymlhkwxdvm2cm3tzxacxw2su,1,0,0,1
293,terra1gszaqmyt9pmhg38cpax3vprccpjuczzp40m35s,1,1,0,1
294,terra1gu35fcwg22xhp240h6dfx4a5y3z58r5pf7zkc6,1,0,0,1
295,terra1gxcfdsl9fjc6k9s3t7v4wyyaydwe7vjpyfhgy6,0,0,0,1
296,terra1gz0dltlupt9gy0pcu7w973rtpyxwlpj8gxfyvk,0,0,0,1
297,terra1h0w67ysrzstmrwyg4uckdzl88phf0r7qewrtj2,1,0,0,1
298,terra1h0wcr3srgx0z7juzn6zjt0yzj5j6lv3y7wwk9t,0,0,0,1
299,terra1h2ctevll6qnfmjq7km97gfjez0862ezkycgkzn,1,0,0,1
300,terra1h5nhs45njqkqcp7f43kpzwk2weaszltwt5772d,0,0,0,1
301,terra1h7ja4gpgxwl5epnz7mlypzsttmkw8gceu9rc5v,1,1,0,1
302,terra1h9pxlpm9q63g2ann5ydlgrs0n24ljjpp6td8qg,1,0,0,1
303,terra1ha6xxq0gf774v0gvx5cwrwafzsuyu8xcj2505r,1,0,0,1
304,terra1hc8s7rqzguks55q4zw4u5lz9wge4punuqc4uxd,0,0,0,1
305,terra1hcx5ysepz25lstnp5qrwwrcll5s3q4hltc76uq,1,0,0,1
306,terra1hj4rhth55vnlufug0da4p7qxw4yc3gzxs4xnkk,0,0,0,1
307,terra1hlrwmvq2a7dcvqwrkxkwfeqmjtgmmrmcw8knk4,0,0,0,1
308,terra100z53uewr78uz8396pnpr3dkfhq5cvvzpx7z0t,0,0,0,1
309,terra1hn0pywa94a6vn7x046dl0dpvsz9mptvzemq6lm,0,0,0,1
310,terra1hpuc9a6vy60djd08k5ew543t7erj9yq7w9fdvr,1,0,0,1
311,terra1hqr5h8am6j9tm965vwv4fwnt3h9w2nlmvuqfvm,1,0,0,1
312,terra1hr7svdp2rga9vf3ry95sx7g5wyspgwmg94qac8,0,0,0,1
313,terra1hrcurgmgac972nw34nvjrrjc6nr3gny3sg8nay,1,0,0,1
314,terra1huz0kuae5us3f75qhhjqwzt507tnunygy7lmkr,1,0,0,1
315,terra1hzsem376yhguf406dq7qj0a203a6y2527zmkpd,0,0,0,1
316,terra1j6astpat66aackwxl7ys38yv3azs40ynmsljt2,0,0,0,1
317,terra1j6qxpdw8ksetzapngqeuhgkqaxuglk73kgjd4k,0,0,0,1
318,terra1jcc7pvk3f5hjk00yqh07rc898q57mrhc4p5347,1,0,0,1
319,terra1jf0rruu7xulwf926hellln44dyxr039hhlc7x2,1,0,0,1
320,terra1jh876grj729q8tuxadefudklv66sq079myycyh,1,1,0,1
321,terra1jkr0yl00yjzqd04strw72ky5yju0muemwkv0qa,0,0,0,1
322,terra1jltqf27jd8x9nxeanvxcqjhy03zaz7tsaf525p,0,0,0,1
323,terra1jp7v0xetjhlztvlzmqn68usl2806kt5ua8wxj5,1,0,0,1
324,terra1jvars4tut99n2pppmcxjxfh0x8fydpdjxfuuzq,0,0,0,1
325,terra1jx8v3y3pfekr9v8q55mghy2kwp8gq4hdj7gfw4,1,0,0,1
326,terra1k34wxly7ktq5jjngfc83rxakxzn7d5tt6nk8rj,0,0,0,1
327,terra1k42pc4kt0227atraaxtnwkzd83sjj550zt26m3,0,0,0,1
328,terra1k62efklsgmn348l8whn8jqw406xjpkmr2rwpt8,1,0,0,1
329,terra1k6gx7le2slz4ecmkjptdmxrycc4rnaz2tywz2g,0,0,0,1
330,terra1k7c3xrfuyhsw3ke0qh8778wj0jcnraj5gklqz3,1,0,0,1
331,terra1k8j72n8zzdupw8377d2pfv2h2zjzkmwafhc58m,1,0,0,1
332,terra1k8qpzglnxz7hgk0yhkn33hm2zfr2pfqd2sp8sj,0,0,0,1
333,terra1kc9rnjn09h5gqwj9cd54elejgvkxf6evv00p5l,0,0,0,1
334,terra1kcpara8gj58huh9yn6dj7rxd764desdsrfppfc,1,1,0,1
335,terra1kezcarz3a52v3wlu6mquhfsgsve47glu3mae5n,0,0,0,1
336,terra1kge6x0q9vxtpg23y7plrn6jatp2vfenqwh7gev,0,0,0,1
337,terra1khualx2a4a0haj6vvh2e9dvxvyhuwfyaqy0a5y,1,0,0,1
338,terra1kkvmg6l545fjl67f44hx9ytyjurx4s2r9z8att,1,1,0,1
339,terra1kn0fgrtqxrpnz9ymejuqxng24rcttvtgh8zv4a,1,0,0,1
340,terra1kpk46lk4tr8ekqzaxl9045weq3l2lu8yc32zd6,0,0,0,1
341,terra1ksn7v2nfjqkzkkhcuvk9n8pgj4aqcmfsy38ws7,1,0,0,1
342,terra1ktptgs6uucw8wptjv3wjp37qj64hdgjht4fawx,0,0,0,1
343,terra1kzg3rumt7uwhhrs5ru5rlpmmalz4sx5aeggvez,0,0,0,1
344,terra1l0jeppq8v3rt6dxhch5m4ydcmgfmvpxl59mhll,1,1,0,1
345,terra1l3yecz0564jq9cwd7rjkfku8q6267sxsgzcyev,1,1,0,1
346,terra1l588m0gfv4ns8s8wzlezff76mvzta3n48qxpn5,1,1,0,1
347,terra1l63rsx8f5ksu9lr4kz9u2edvjg69cc2sxz68g6,0,0,0,1
348,terra1l8x2ehlq5h2n7xt38rze6tudzqwgnqhsft5qtz,0,0,0,1
349,terra1l9ttqv09fd3vvnem0j0gmjznfp6nj8gdht2pkn,0,0,0,1
350,terra1lcs3ut8lse8unm4tf0dl0fdg8xaymwxtdlrclm,0,0,0,1
351,terra1lek6syqjr3gmuzxv5wa2kewpl92kccp3u5a5e9,1,0,0,1
352,terra1lg6v8tlvt74z85h8tpv09flxllmxex6pnap8we,1,0,0,1
353,terra1lgjkylczanenme4qatare4fldp5nd4h3ddr8g5,1,0,0,1
354,terra1llhtmaw0ezhkz6nlqx068hh9w6ghms794l2st7,1,0,0,1
355,terra1lpksgpt4ezef6svuq0xckd2cx5fgsgktf5mu2x,0,0,0,1
356,terra1lrkkac0q30uzd783cqw47k9u35snamqpx2xk4z,1,0,0,1
357,terra1lrla7fs9dv9npuf9clt90smrul2xc0eqekkv74,1,0,0,1
358,terra1ls6979kp8n20cu3uqtwuhyuyum7avcgy45r2w9,0,0,0,1
359,terra1ls86exlsu3n5mpu6ql3fhc7zanklnun4t8kvyh,1,0,0,1
360,terra1lv5p6t4y709uxgk4lgfvxduf8razrfzhpwrdl7,1,0,0,1
361,terra1lvrkc5wdrvl5glke6gz72jyf2rh2uxh0azl7c3,0,0,0,1
362,terra1lyparnh6z8739rg6whqrzwnys330ad8y7g46j7,1,0,0,1
363,terra1lz4ydc6ck6gd7ec0ne0km0upxd8f0pktgtjy49,1,0,0,1
364,terra1lz5r84djv2pc9l3pfk4tpkg08rqms7dpfr3a7y,1,0,0,1
365,terra1m2dxgcpn5zmj9xa0uxvpz8ylzj4spfw7m3sjxx,0,0,0,1
366,terra1m2mzpyvvwu8eam6d4zpwdmhk4jed80y0yg9yj6,1,0,0,1
367,terra1m7dqh2l996ecxswwtmzqhr05hxp83c2f4fgmvt,1,0,0,1
368,terra1m9tugdttpyy8ss8h9kag78k9q8xecny87f329v,1,0,0,1
369,terra1ma2d4yckz3hmw2rkwz09k989njnrx4aygvcmfz,1,0,0,1
370,terra1mekc7zel4zfvnyjsxskm7puhtztq0kfqxmjqgf,1,0,0,1
371,terra1memg2mn3n89e9cznwjhzhk94r0jumrge95tje3,1,0,0,1
372,terra1mfsxaeq403xlk24jwxgasd7ryektkmv49n9xey,0,0,0,1
373,terra1mkecdhjl4lnqglkqnm8k9adgyja9kk5dfjxmgu,0,0,0,1
374,terra1mkt5k4qmp94d0e5q8htcswgpgw9g7vlusxghtc,0,0,0,1
375,terra1mr0lwy6n9kkgjtdc2hz8aftnq5a7xxnnss98fr,0,0,0,1
376,terra1ms7uhlead70xre9u66kuu4nx54rf40eyg5gzzx,0,0,0,1
377,terra1mt33vdmvvr6cs227ycj6q6u7lscrq6jzzpnz34,0,0,0,1
378,terra1mwa7am58hu0prt9j5837t9r6zecjf3nkwfum56,1,0,0,1
379,terra1mytrnr9e5nkeglg5zluesyuhn56mg6t8f2wjp0,0,0,0,1
380,terra1n0dje6wxqdpt6fmh3flq0vvx26qhernhrmks5r,1,0,0,1
381,terra1n6r74w7rarlsppkvdy3tdrh8cn38hzjhxek9uu,0,0,0,1
382,terra1n9md7f6e0rtwzpynfm3xj6algd2xd539r2keam,0,0,0,1
383,terra1nap4h4wz86cens8lvnu2kr2lrd463thgjffjl4,1,0,0,1
384,terra1ncncqvhvwm4lc0yypkvxkss48dwktf45muawm6,0,0,0,1
385,terra1ndwgju2snppn8u8q0e79an2ujn5uhj2j2pqdlt,1,1,0,1
386,terra1nfcnj5y7ffvxz4cpqq3e3kk45skcqttcqhujjj,0,0,0,1
387,terra1ng539293qw49f82l7393pc76rdyw7dn6dgq7g4,0,0,0,1
388,terra1ngyzkhchs04qn8vaqnsah8sct5l0myh8surkec,1,0,0,1
389,terra1nj74mncupt0xhpxljls09gg7ufy0nx68fyarfy,0,0,1,1
390,terra1njtruaz8zm0yyxtetgy70hqmqq8l9w0l2glw60,1,0,0,1
391,terra1nk59vdn7x6ftq8qrac7ssr06w2lpx8u3l0tm2x,0,0,0,1
392,terra1nmddvspcmv6xrp2zdmm3sye8sgg6ufc63hg9nf,1,0,0,1
393,terra1nq6t7l8hw8gyef72sr3d22ypdwa2dgy5e4rw52,0,0,0,1
394,terra1nqgqnjf5sz48n5nx4ckajs5fwpw63r967msmng,1,0,0,1
395,terra1nry7dkjj7suv270zafpe623dt5en7rgtwu62k5,0,0,0,1
396,terra1nrzyfqtrhzflkytpghnppxd9jcma2h5n5382dp,0,0,0,1
397,terra1ntj0vsqdj5xlml70gktejhxm4slxyztq2efrfs,0,0,0,1
398,terra1nxa5740flnkfqmln8pwsaqhv5zsrqlsyx9zr4g,1,0,0,1
399,terra1p0qs2yjydj2j7dmssk2htxtxacms8sv9zj7qml,1,0,0,1
400,terra1p46hlek2pt9v2ex4e397s4hdsds7mhsw4pnvpe,1,0,0,1
401,terra1p7r58c70dq62u4prl9cyrsn4z07qjyy67cl22v,0,0,0,1
402,terra1p9xemltrw9rjvhu87fnaqneuzmh58wj3t02g5r,1,0,0,1
403,terra1pc3vp2ua6rxyp0eycyhmc0zdsmyknf22r8tvds,1,1,0,1
404,terra1pc4uy6wgnudxsvhdc005grjl8rwdk3zcrxk424,0,0,0,1
405,terra1pdlqmyxyj70ut9pkw96rym5hkstkx9jyqz9zmm,1,0,0,1
406,terra1phxcpflp5z7s0kfmwvya4w3gggt0vxggl4y8kc,1,0,0,1
407,terra1pqhptt7stfyfgjzsjx8wu5zwqhtxldmu3f4gu7,0,0,0,1
408,terra1pr7zj5vngcnk5dtycpxeau89mx0uljd9fm0avd,1,0,0,1
409,terra1prvu504eea5jms2pkzsc8dp5kscvjgwf6mvtw0,0,0,0,1
410,terra1psa8kwssl7jhsfjp0un0hre5l7qz7ngtnuqjv9,1,0,0,1
411,terra1ptvt7990hdrhvpe7rgw2a26mzeeqxtguhn5yq7,1,0,0,1
412,terra1puz3egu93l7m25gngkfejc8svkvud4ku22r2yk,1,0,0,1
413,terra1px9s3ny28ks73rus3asgt5xvevk934jx0c2yzk,1,0,0,1
414,terra1q6djsutghedzprqcunt9qeqld0wvu4hdwqvye5,1,0,0,1
415,terra1q6k3l4kxduv9q7yxzse6ng9ytnhym9e5pvy0fk,1,0,0,1
416,terra1q9qnqjrs36g2xuft3tq89lqepfh4ccwj3ysj35,0,0,0,1
417,terra1qcyq95zx7jnezxesx3h6a3f3v3e6wecs2vna08,1,0,0,1
418,terra1qfkk0hp2dw2r2dmk0kjsvq6g5tludm68wrq9ta,1,0,0,1
419,terra1qghactqzymfyep4r2lvu3zfzs5eswz39vymlwe,0,0,0,1
420,terra1qgjywmavwajy24te4ja9kx0lpzpvvwup4el57d,1,0,0,1
421,terra1qju60yp8r9l2lj3qhqndsdkly4dgw773826jdd,0,0,0,1
422,terra1qlptfvh409gn422hmj48q0xtmu4xgm2j7434xn,1,0,0,1
423,terra1qlzfryy42tkycm48gtvwdf7qrwmyjhkhzrqx4l,1,0,0,1
424,terra1qqf0hm7uy5zksgm5ne6lmu52uhn224q8gf2a0y,1,0,0,1
425,terra1qt3r0uvaajpsufx8d02uwq3mfrahmgufkhn6df,0,0,0,1
426,terra1qtal68y8m5hfa9t7zeyfglw457rzqp70dd7hgp,1,0,0,1
427,terra1qvunvrue4l067qlc392f95hp0fknqlwm4puvtr,0,0,0,1
428,terra1r28gj0rw7p49pxfmlfy4cja26yens9tyc9fqvu,1,1,0,1
429,terra1r3fhlawmlvpf4fvf9dc8m6vu8uya63esgusz7w,1,0,0,1
430,terra1r8w7rvsg6j2c22jdq0jp02cgyspa7r5hzc95zk,1,0,0,1
431,terra1rchzm2ajpg2696r7ct8t0lj6xdzm6r2fjwxege,1,0,0,1
432,terra1rctvuyrq4v5treql95ku76654665aqyv8elc73,0,0,0,1
433,terra1res73mkjw3s64ccn7l2l8yq2um92fqtv42phwn,0,0,0,1
434,terra1rhyandcqnyngmak5sazj00fca3tzkrcxm4d4yc,1,0,0,1
435,terra1rm75tpta5re49ww3ejzpn52yewe65g0rte6l4q,0,0,0,1
436,terra1rm8vhy9sdswrfuxyfp8t5g40j59pmctc2mmh7z,1,1,0,1
437,terra1rt63m9gaj0tnh7xx6vuwgun8a9ldmkmr72fzzd,0,0,0,1
438,terra1rtc38kx96p734x9x3lmqrqqe4w8sl94zlr5xjq,0,0,0,1
439,terra1rtw246y7wggkhtj5v6vg5nmuaxz0t4hqvuj3cs,0,0,0,1
440,terra1rukm8uvufu33nsedwwckng5xw97r5e7x4wzuu2,1,0,0,1
441,terra1ruz4p9jdxy2573vzmh8f9yqqx56u7a90jkvk8y,1,0,0,1
442,terra1rv4fqpsazmq8l4fmz96pjjef43vtx5uy7he2vm,1,0,0,1
443,terra1rzzw44nynvnx5cxf5l5qjhn7d5xanzt4w89cde,1,0,0,1
444,terra1s44jz4p5vyeql8fk8w97c5egwjrdxvxmp0z9vv,0,0,0,1
445,terra1s7w8lh539p73l276nj9hj9p8y3400wqy4srm4n,1,0,0,1
446,terra1seeerd3m80v0ypqjdmrqgsrtrc2mmm7ev7yr5f,1,0,0,1
447,terra1smw6mampz4y2k8jxqcp57ktzg9rfnmasq8yeaj,0,0,0,1
448,terra1sp0dd9w0cqcdwnex6rh56zl9rg224thl7n0lz3,0,0,0,1
449,terra1ss8wg7huv0lfczts8nhc4tn6uy5zjaper6ewun,0,0,0,1
450,terra1stnj22sa0rc3p2hz5mz5pjnpyt9re4x48zr6fu,0,0,0,1
451,terra1stwtc4xffhu2etg43q7yyauwlpdh4aw5ake34s,1,1,0,1
452,terra1swg70ymnvtcfvns2jry5ayw38gy4v9q64ke3fq,1,0,0,1
453,terra1t5kvxr0w4fmac9jqv6439vyltp8vludsmnmfsg,0,0,0,1
454,terra1tfshgycj7cya6pndu9y0czua9lx90grarha270,1,0,0,1
455,terra1thl0spe7e5qle9scsm7nmh7hkmmccc2kxmtyut,0,0,0,1
456,terra1thzch6f0aalccxa5xjwpntmlplzmxd7u34hjwg,0,0,0,1
457,terra1tj469256t6utfkqsfnttcdl67dctxk7cag7nfw,0,0,0,1
458,terra1tjkvl7hgaanxxw9uryfd5nmmt9g95aa3h4vm4y,0,0,0,1
459,terra1tjp2r83w4g7l4v95nhzgt2amahlmmxt0h6ppsf,0,0,0,1
460,terra1tkersa2mqwy2h8exj799qx2xrhdu0dkymk9psp6v0k4kz4tkxucssgluec,1,0,0,1
461,terra1tky6077g36ctztekags9lr6eucs4j9gzslzkvc,1,0,0,1
462,terra1tnrk5kqfedqa8hueupsm6zfvtcug69svr7n6lm,1,0,0,1
463,terra1tt46n2js33usya78qcmvvrmtyj8su6rhqmvzrx,0,0,0,1
464,terra1tuzkxaa74apfcn7wrtjjcdeaphgedvs2yuws4v,1,0,0,1
465,terra1tyvlqhr0k8a39ppzajckxqmmnlvsmqlnvnhnpe,1,0,0,1
466,terra1tz2a0jsyskefruef3t25ehy262xmru7krd8pje,1,0,0,1
467,terra1u3lkjkegmc8x2p3eaxadaevlykygnark86jp67,0,0,0,1
468,terra1u5gwgzres6jmvmg4q69nkd93zmwxxtcfynvmf9,1,0,0,1
469,terra1u5mrfn4kjk0kaa26p6a8vu8kdra8phucdxamdg,1,1,0,1
470,terra1u5zjfv30k7ukzvrvqkfd3u9dsu9qx6e6xkguw6,0,0,0,1
471,terra1u6s6gzd5ycj375vhp4n96g5k7neeftene4ntua,1,0,0,1
472,terra1u6t4v60y4cu2p4x53zdyr93r42elxj4xwmh7g3,0,0,0,1
473,terra1u7fqsd7ugnsdn3ckk0mqsm0d2rk3s7smdy7a5q,1,0,0,1
474,terra1u9vatqv6t9w6fmrylspnlmqg45h4jgy70kr52r,0,0,0,1
475,terra1ual8d4v7v926qtwkwn3lgjyzm0flg27zpseufw,1,0,0,1
476,terra1ue2e0rsddjy4ctud20zzal8a23uyz0ge0yvtgf,0,0,0,1
477,terra1uehz0w9grag6eydf68g9zyc6r6u4yf88v9jycq,0,0,0,1
478,terra1ughusa5cxwn8qw5a03zqg45dw97sldmxkgr2dw,0,0,0,1
479,terra1uhngcccx9f0qmuy7a7ktk2srr4c0le7mpd48v9,0,0,0,1
480,terra1uhnwq4cpvj2rmx0jz5488ucmztfuwalnhj0h5r,0,0,0,1
481,terra1ulh95rzcy8npzygxaf9jxgyta4ekg2qsxjw8k5,1,0,0,1
482,terra1up9cmxsqe5gr39n9wlsj4quy0twf7gccznfrqx,0,0,0,1
483,terra1upu0p6cj5rczqle5fwu4crmr3z9mq6amy7lgyr,0,0,0,1
484,terra1uqmtgzrnu4dzzw5mpfex5yuxh5y3c75xh5hzlw,0,0,1,1
485,terra1ur4davql0wc097frk0fskf6ycce4rwskc49lrr,1,0,0,1
486,terra1ur8zs3ckf9nrnd99r6gwg5y9kkhzhl36y723rh,0,0,0,1
487,terra1usnvaxernydzf7jrzugkz7y8njss0xcv8sgdwy,1,0,0,1
488,terra1uwxj5gpjqc86845w3v4tk7escgvzwsj3r708u7,1,1,0,1
489,terra1uyde6vtjju24xgeuk23aw2u9vwn2eutvne4gae,1,0,0,1
490,terra1v07j0lhetduj8kr2lrfde7mnnkmz3m4tze0v4z,0,0,0,1
491,terra1v295clcshg04mfsrqc3ggsekxh35u99zyt09y9,0,0,0,1
492,terra1v2dlv38e6u8q37qhs0c5c360gsusr7p4njmz5f,0,0,0,1
493,terra1v39amzmmr8jsg6jk2pj727wye05k2x93mq3ysq,1,0,0,1
494,terra1v4hrlw05eryf63ds5v5wfzfmkrdzcq7athfa03,0,0,0,1
495,terra1v537qv69ngsum5dmhj6vnw94ck8j0rrmgs2uem,0,0,0,1
496,terra1v5dqd8fdck68tlqveulqwctdctrcl59ydyrem2,1,0,0,1
497,terra1v7w8p27hk6ea9sunjac25sarn3q769zrxzvmnm,0,0,0,1
498,terra1v88w8gdsqqjgkwatd4mg5yp7g6ada80gdd8zvt,1,0,0,1
499,terra1v8aur9aznfmjlmn7d7uryd0s3p3rjp0l6ppdg2,1,0,0,1
500,terra1vadhy6kc8c4p9lt93nvkvv8uxrwv5daemgjd2h,1,0,0,1
501,terra1vdhsasy72z9gt3g77y67pe3jv55694wm9t0y38,0,0,0,1
502,terra1vdp46j30edqzds80xsj8he9xax8qusd72zqeru,1,0,0,1
503,terra1vh9gfxra7uvxsqj2z0fs44m684ln939gzmv4hv,0,0,0,1
504,terra1vkh2plfdllv4n36h8dvrhsc855gmcy0ca3s86w,0,0,0,1
505,terra1vkmpmy3anc7f0h6jqxmdx7hw0a88rswggu02kh,0,0,0,1
506,terra1vlwmp6e2waq24rmt72vwjy0kkn8u0tcjvavzuq,0,0,0,1
507,terra1vpfdk2t45x4vkd8acsst0dht3q680kwy82xnc7,1,0,0,1
508,terra1vqe9xw34mx4s57l8d0h0qzek7s3v58lp5hpd3f,0,0,0,1
509,terra1vrevn9alqtdtld2l77n6ev573rm6fezj36hzux,1,0,0,1
510,terra1vruulyz47sthkcdqafcug3x7t357ctrw6a6fcy,1,1,0,1
511,terra1vt3ms98hl60g28n0qqh7cxauz9vehs0wja03pq,1,0,0,1
512,terra1w0rc43s8pdu9l9xm38ldj4y4eaekcddftlnr80,1,0,0,1
513,terra1w4hsyt6jjwu22t5sw2pue46deweac2ucrk0wfn,0,0,0,1
514,terra1w4ud7nzj9nfg6gv4gnqgemuwk0rnm9rh2hdzz7,1,0,0,1
515,terra1w6rx8cs40qc456wvf40lgye7w03mt3chgza5e4,0,0,0,1
516,terra1w6zp2xmuup9hm5jszxwzwrx4hdfhcg404jgux3,0,0,0,1
517,terra1w9zctxzq393lgawqlgdzfs9f4r977fmn24fjyf,1,1,0,1
518,terra1wjcrk8qaz3rm0v846kaldmcxh4slcdm9kpe57m,0,0,0,1
519,terra1wn20yk4jcva0h22x0dlx7jcr8leykh40l6wlm6,1,0,0,1
520,terra1wpe99uz9kjyu6ppc79p9wqt97tndehmjrp6r0d,1,0,0,1
521,terra1wu39czzmx4lxux89gkmftjck5f2xvt58h3jget,0,0,0,1
522,terra1wu4q9lnqepgwa3scv4e4uhzc9tcndlqmu5pzgw,1,0,0,1
523,terra1wull3k7nkd5mz2f633q4nx94pvxha39lqjllnp,1,0,0,1
524,terra1wuyuk834pmhx5dnyt90e7r2lqvvl77e2pfdzgm,0,0,0,1
525,terra1wx5wzqyrc90xm67nzgqdgzy5yvdjpk75gjnws3,0,0,0,1
526,terra1wx7dhe9f36jlyru4gscp9nqjrpd2wqcvyp05pu,0,0,0,1
527,terra1wxc4ufxg48h56kqhaaegzljjmup53rjxj70y5t,1,0,0,1
528,terra1wxgvzhlmeyvueqfuy9ynzj4skg7dxsvrp9ftuq,1,0,0,1
529,terra1wxhfnlkm57g5np29d6yshmk2k89m82lvsy97wh,0,0,0,1
530,terra1x0d0pp36t00k7nhcrwhm9h8jj7d2f76n8aydgz,1,1,0,1
531,terra1x2rutlpugtxllqkn7ehxcu77r8qeydp26rerzn,1,0,0,1
532,terra1x3a8s2n7f4pdfhvjha8hgd8tehjr69kfjfnv8e,0,0,0,1
533,terra1x5duxsrysl3adgxdjgf52dy7tq70x6pnywkgpg,1,0,0,1
534,terra1x78yldt67nrm0p89jtll3j99fn2qzlzlelr7va,1,0,0,1
535,terra1x7lf32zghjxksdnftv83y0pskyhf846s0h3nfq,0,0,0,1
536,terra1x7r6449v3tmrqrnr0wz07gpnm4jq2jsxay7450,1,0,0,1
537,terra1x9jh7pl623jaj8dlt4q53mpmv5mv5nlpzdpxfs,1,1,0,1
538,terra1xaqf2tfhd6cejckezug3cvjyhue2a8gtu3uaqs,1,1,0,1
539,terra1xcqcge9fz5tmc68rg6vmjn8kd3cta24cnaa0ku,0,0,0,1
540,terra1xctfng0j34uwhsgunfjatcuwwkny50rjfsqsxq,0,0,0,1
541,terra1xcy4vhtes0yv3x3uvt7zwzjrh6gjwfd0cdjeql,0,0,0,1
542,terra1xda5pp8qzvjezav47ul9g565nl9kuugldr9snj,0,0,0,1
543,terra1xfq3a2nrnuwdx8dkq58r9q9jsxpe6kadvnam5u,0,0,0,1
544,terra1xp99jeu5px28ydxce0tstshpwsfsegf8uucd22,1,0,0,1
545,terra1xrfqkym8wnd3srgnxyv92m8v4m9qnf8v3fwqgl,1,0,0,1
546,terra1xsrf47hk59pnzufng0h30xm3ewzmcg8j9u756c,1,0,0,1
547,terra1xu53yvd88h5y2qxh4ct7sapx96tmu7mt6wa0q9,1,0,0,1
548,terra1xvsjzv8mhr4h6n7dlvq9lxdr9ne3yxn0w84cle,1,1,0,1
549,terra1xvvlgwes2tkulldzm3vxl4qd3csc8g5hcevhug,0,0,0,1
550,terra1xxqfuz82shumz6fvge3mxpujchtqm232euuugz,1,0,0,1
551,terra1xzern65ppact6sgh4htllnr8pg9dpnc89nr6fe,1,0,0,1
552,terra1y2s4shy0snp007szlqquc5rhj00xw88m7fzrzm,0,0,0,1
553,terra1y93d3fdy3268v7efh4kuhqtrly9v67s3ula2af,0,0,0,1
554,terra1yc8flsqnf5dj72yw3tnkf455aydfnar3ttfg3t,1,0,0,1
555,terra1ycnd0wuqtrpmlennhew3rtrqx3w79rxngfd59m,0,0,0,1
556,terra1yf89my47ycwd6aegh7xvmnjrlcvdys2wdmazc9,0,0,0,1
557,terra1yg4p8mn3n4xav4efmae9atc8uh8htsr0fn2hrn,1,0,0,1
558,terra1ymty07747emnzx6ps4rskdazsq0q8qp86qe4aw,0,0,0,1
559,terra1ymulxtmzq3gppzt83rwkxvaaeje4f458drawtl,1,0,0,1
560,terra1ymxu5e9mj50rjr6krnhdxppxu7vrk2wv9jmkaz,0,0,0,1
561,terra1yqm3qymxrzlm7dlcelw729asw0qnh22fea223h,0,0,0,1
562,terra1yqrl3y5tpgv7wnp5c3gta6edmwxy3jehjev6ql,0,0,0,1
563,terra1yuf8puncsscvfcnnple8gllj9aygnxmyucsk3m,0,0,0,1
564,terra1yufvxf2z04357g4fsm5r650rslskm3runp02y0,1,0,0,1
565,terra1yv5fyftazjsy3uslzwrsaqcahn8mht87kf7jzlh50yfnu7mqxymsja06dz,1,0,0,1
566,terra1yvcacpju5mlelym5jwzvtfwsyqp9c4dzx5jxvr,0,0,0,1
567,terra1yvjzddtyg5jt2vruea0wgyqae9dwqy3dchvjql,1,0,0,1
568,terra1yvsegy8k3gakjz23qq02dzrvkalvl2s9phsvze,0,0,0,1
569,terra1ywqxqj2kq4azl3k3c5ya3tt0ml5g5jgq9zudv7,0,0,0,1
570,terra1yxf8dgs86cq8j4537rahngshht2v5kyjz6gz4d,0,0,0,1
571,terra1yxhwpw4jh2rxkkx0q3t5qupppapl090gcpujuz,0,0,0,1
572,terra1yzxve2zqdmf5yrm46cnn2y2fldj0fhrtf5e3gr,0,0,0,1
573,terra1z0epch6gp9pp0y7jyat4vead5rkypnwg8ddg8x,0,0,0,1
574,terra1z320y2akjajd2n48pjclmjerlexszu0jj6a98c,0,0,0,1
575,terra1z4635zapfmwvklwtpla8vfz70ndmwq0hu7w23m,0,0,0,1
576,terra1z75yypurfmnektxkl3v2y7e3xgnutfqc0ngur5,0,0,0,1
577,terra1z7h3uvq8nnvuqhj6naa039kexkrkudmpndecqj,1,0,0,1
578,terra1z9svx2ydtre9vel7nqc7up3hg2rkaxmw5vyu4g,1,0,0,1
579,terra1z9zy3z7zr3z0u0t8ukk07wr3s0ntgd2d8kuk75,0,0,0,1
580,terra1zgllgkux94tdqpuufn5cedmrk98qtdcmwhy7ts,1,1,0,1
581,terra1ztpkl6s0gd6unvqkc7l27tcp65s466vjzmyvp4,1,0,0,1
582,terra1zu8733ut3fs0uw76e7kspc3g8nqt3wwmqm49aq,0,0,0,1
583,terra1zzka8p4m8lrm3zzng0g9njsfwnr7zhqukrzp0j,0,0,0,1
584,terra1zzzh8fmjllwn4xwrrft6es9dnrlv9axaklf0yy,1,0,0,1
585,terra1zzzss5c665wtshywnhms3r599vrmyj0t2vmxjv,0,0,0,1
586,terra1hm4grlwkt26tccr4vclwjz3elgh224wquctwye,1,0,0,1
587,terra102q2r9w8fpg0fwzhdd8shyudj0jmy8zrqq07jq,0,0,0,1
588,terra103nkswnxykepke9h2l970y7s9uyuh3k3mljfup,1,0,0,1
589,terra104yht840v0dge4mhzhm0yjfd5qcxt33nzl7tdu8nz7y0zarqnujscmq2kg,1,0,0,1
590,terra1072q7txl66nc5zfyexe0wk3m6w05jy88arnra4,0,0,0,1
591,terra107t3dtcg48jhzrau75jlf0s9vdj0xcfndtkyzq,0,0,0,1
592,terra108ucngf04nsl7kqdqaapwhaglvhh9jck2xwm0z,0,0,0,1
593,terra10ahhzf6lrkwxng2vytqqlwqer2thjl3w5a3wet,1,0,0,1
594,terra10g0cnzfpyerxjq266zku5yd6qpes7qm4zmxy32,0,0,0,1
595,terra10gdvn7j3hgtvnzncr8vvmhu3mn6gdd0lq56aq0,1,0,0,1
596,terra10gf807svqw72kjg7zae272rr82vp5uas4kgt0k,1,0,0,1
597,terra10gfgxf66t6jdvgt9tm0exk2da9qlrtg2c7fwnf,1,0,0,1
598,terra10hjyx8gfacrvhe26a376kdnf4jcedvvxajezhg,0,0,0,1
599,terra10kmr23va9jn4zw8tkqfal7w6ng8wkgvwk3crpq,0,0,0,1
600,terra10p8m3pyw4tdm6xnley6g34gt8xdy96u3k8eu44,0,0,0,1
601,terra10s2nj7d9dkqypschw9rrqddl4v5f7ywe8nrnvd,1,1,0,1
602,terra10sq59rxcspl34r9f4gf5vtjca88lk7x3pkwwut,1,1,0,1
603,terra10vzh4razhkg8nh3fse6djmr5wvkafw3xn9wk58,0,0,0,1
604,terra10zwqf55neauxzkhs7euxw5rz09cgmgcvnx7m7z,0,0,0,1
605,terra120zpz9espst5j6tj6e6tswjz75uw2h7jyum792,0,0,0,1
606,terra1227rr6lmse62npdxtra5y7gsp7zs69d03fxk68,1,1,0,1
607,terra1247xf3nz6atlsmxdz43h37c83tcdnuknc80f48,1,1,0,1
608,terra124znjuweqm26jkg4z35kx8kjgcfa30gawm09uz,1,1,0,1
609,terra12629f3upv4ltattegp6tzc7uwssq5wfdy7824f,0,0,0,1
610,terra126pzz4ed3r6v65jen9ex6u7ttdv7c0nytl7djf,1,1,0,1
611,terra127w0ms630ay6j05cyufqmsnfp48nyxxnt2yuw6,0,0,0,1
612,terra1288lm729k978rp0du64sjjgpawhc2s3ls8408g,0,0,0,1
613,terra128qmeave7hlnjj5uxd46jce65wrumkhf0j8ew9,1,1,0,1
614,terra1295etyk99ra5x3e2suvyp5yv7jd5wcrys9hmc2,1,0,0,1
615,terra12cs22gtcfz6rll4x6dq4fr8gmfs79jyzdduwqf,0,0,0,1
616,terra12dcartmvxxpl38yw3j0d7jp5tx9jt9qtwmzedp,1,0,0,1
617,terra12g026l04e0kqdkxrwysqpr2s2ajhv0csp6r7yq,1,0,0,1
618,terra12h9r5uy5wms8ekl7u4wx5a7l8rcw9jjp20y66x,0,0,0,1
619,terra12hdw3zhlgvfjhwefwh6tfq2wu3vs66p62rf7ws,1,0,0,1
620,terra12hlnzl0hxyjv6kkgd26r27r9dxvdnmc0swc5e4,1,1,0,1
621,terra12nl587jtqvsvxvvhxqfy3nprkz46e4c4q466p8,1,0,0,1
622,terra12p7kj9nfk69c3rkqsxkva9dukfvxner44f5yah,0,0,0,1
623,terra12s2edysenudupmuqx2g7ltcpq4afpdr7hme9lv,1,1,0,1
624,terra12sxrtp6rwmlyx622vmk8xe9vc9dm7hdjuyp6kg,1,1,0,1
625,terra12uvu7llj7ufugvaqt6lfxegfgexaf4wf84nj73,0,0,0,1
626,terra12wyd87u3me3gc9qpltzgpmnt409gn8sdlxj333,1,0,0,1
627,terra12ykr7suj979ytct8g4azap086p2fgseuar399t,1,0,0,1
628,terra132wxzje4q0nfwf58drzkgmwng3hyqdrw323rhr,1,0,0,1
629,terra133pn8fjwsknjv5nvtms4thh33dtmc32ysf3r57,1,0,0,1
630,terra135p6w8ym676rqufsfmyd0m0du8vuv3wwguktyd,0,0,0,1
631,terra136epuvkjuz0y4rqs07a4f59va9rhypp8lxck4s,0,0,0,1
632,terra136nvt37q5wysvc43t7ugt06a8c8q98dhfhaxfh,0,0,0,1
633,terra136wrp0wshler262s4l3gqs7na0cdduu2n6dtyu,1,0,0,1
634,terra139tktcs6gsd06x2zllhasg0qt392kvcgcpfdxy,1,0,0,1
635,terra13ae3h9rr9fhjmtt6scpx8xgctyea4xthkcntej,1,0,0,1
636,terra13c4j44ds6nem7550yrg9cvd3tg8pyr2sy9ufys,1,0,0,1
637,terra13du88jm8d2dj5t0ywqetzq0qq7jng8vx65f2tt,0,0,0,1
638,terra13e6svcf0dy58ee6z7s8d5jjmt92jz67k9gvanw,1,0,0,1
639,terra13enk029erqzpduwqmspx8mjltz30satd82trvx,1,0,0,1
640,terra13hcys8e4dfv8nv67kx3jhq52assfqwjcumwdah,1,0,0,1
641,terra13jp932urj4eymjgahvwrz8zrwmr3azvnxccsqf,1,0,0,1
642,terra13lqluryj257qakz7jjcczyvqp6sj0n334sjls8,1,0,0,1
643,terra13vpmdhm4x5pdp0fvy3vgt8gp7m8gd75drq6f5m,1,0,0,1
644,terra13vzwdeew5lxq4mmlaew7ndpvww8y8nv3vzts2k,1,0,0,1
645,terra13xglkt9unan88zaqe49n58fmq76efzhysqcyqv,0,0,0,1
646,terra13xh8se5gppahls23vk7n8seu2km0e44u4zjzyv,1,0,0,1
647,terra13xl2kg2ew04jhtaa0uhm4rqudqzv0j3pdda73q,0,0,0,1
648,terra13zf6xx2avlragrtr25eayhj5um07ydfq774ckp,0,0,0,1
649,terra14699gz5n4djwcdl4wc8zvqzcn3yftgx4zmk64s,0,0,0,1
650,terra146w32d9qhxacpxnmdyaf2dxhrevux70r7p3u7g,1,0,0,1
651,terra147fz7g9dk54k0snqp95uyzl0h66ecpu393uq8v,0,0,0,1
652,terra1482yzdz8yp7tdl30e2q6x625d69gns7ch8wfjh,1,0,0,1
653,terra148fwvg8patygfjvluypujavq05e8n6tr8qrayf,0,0,0,1
654,terra1493fwecn977uxn8u74qzqh57typ77ku3rxds4z,1,0,0,1
655,terra149k2mdz7qn7uqapf3gex604aemvpr5d0yn4wpf,0,0,0,1
656,terra14adge4r5tvuvqjuvd66kgupmee8l39wnna2lg3,1,1,0,1
657,terra14cr2qm7haac4y2rgndlvuvtgqykc8tayvxxjz9,1,1,0,1
658,terra14cxnscmgwjaaqnfnpmr0edha9qz0hx4f6xkgay,1,0,0,1
659,terra14f02mnp3p80aex7nr5j2xpzhqwdx55rc4uyjx3,0,0,0,1
660,terra14gvc6zysjwcxthan290sjhddk365tdkzzn7a53,1,1,0,1
661,terra14j6ctamzh62ukxq2d0r8prtqtvkfqvt5xerjyp,0,0,0,1
662,terra14kgu4hlug2c8gjdxkt35pqe3jgdcm3wr55gazs,0,0,0,1
663,terra14mj7snzwkmfacsschhycsv9xccqhvnyj4gechk,1,1,0,1
664,terra14pc54y8nnqc8tgxjtdld23cx4az70jxf94gs2x,0,0,0,1
665,terra14r8h48mfw32n564zxqdddxl3t99a8pxkct5fs7,0,0,0,1
666,terra14serep5hdgqwaqtyn4h8z8vrakpell337mtvtc,0,0,0,1
667,terra14tgtnkawmjye7a2hkkxddtr4fhet5z46z6tmt8,0,0,0,1
668,terra14vwq8zpr7sh9ajahr0gyhj6at6ha6rmdpecysm,1,1,0,1
669,terra14yhms5gfap70pky36djsfu6pxkkwcsffhpy85s,1,0,0,1
670,terra155k5surjxg09qrkzlf9xjr6u4kfelmy26cscss,0,0,0,1
671,terra157ynvwu6p8sdsznvp39fwcy7xfjxpmv6th3vd7,1,1,0,1
672,terra15936akdg8q3e6ezc4wgsk8t8r009e55rygshpt,0,0,0,1
673,terra15amg7the2325htty5wlemd63ul3tpqnq79lu4q,1,0,0,1
674,terra15cv79l30u8sjml2jr5q0ca0kwm3ah0ej80q5uy,0,0,0,1
675,terra15g99s0ya7cr2nvw6kpfua7ue553dkkwsmy5e4l,0,0,0,1
676,terra15hfsveszgpjrd7qt8n3647jfenauey5ku6tg78,1,0,0,1
677,terra15k5je80veu4ksaxcrxvlrhpury66rkjvaeud6x,0,0,0,1
678,terra15kkv0vhwvmlfd48y0pt9qr8q90d929naa2ptcc,0,0,0,1
679,terra15rrtnfddzmarc65f7qztwvjrenpu4lgmhmj9pa,0,0,0,1
680,terra15t8whag6hugz4jaehu6cen8rxt0jzqpqhuk6tm,1,0,0,1
681,terra15trmnvmm07pxhvc6hed9dl527h47dnuxee065s,0,0,0,1
682,terra15uc26dvk64feg4avzma7mhue982v4pnx5fkpyh,0,0,0,1
683,terra15vmdeefkvxllsquqgdvkjuc3fctde3djgmd2hv,0,0,0,1
684,terra15xed3ve2f3kr8tx30k9s3a3spy22nt9l9fte2g,1,1,0,1
685,terra15zpetcnjmg5p53na6rvyp6vvm7gnf0qcfrn8p9,1,0,0,1
686,terra162kt3ja8nwh7kr2ed67y054g42wqfs8ts7y4ee,1,1,0,1
687,terra162wqsemv6zxm6rq8gtlv3w7rl46f52anm8cka4,1,0,0,1
688,terra163nkfcy4q3dt9xy8de4593yuqd3jn8uth2epdm,1,0,0,1
689,terra167d69atdud4pghdd2djt7r7dujghzynlxx8ct4,1,0,0,1
690,terra167jx0cs890ak7ktrcfzrm95ynvdw0hn8e4e622,0,0,0,1
691,terra167p0s9dcxrg0qltud87fep6aevks3qxrlrx9ag,0,0,0,1
692,terra168zqjwh3wwe8ktg64uz4yzepn3d9pct6kgqdqm,1,1,0,1
693,terra16hhxa4x0n04q59fcjcgdg7rd49a2j0r3a209ul,0,0,0,1
694,terra16hq4vswe6gydxq5svehzfaq7qwj5kesc6vt280,0,0,0,1
695,terra16hy9z9w7prte8jagjnnvadn0p7sx44ymkykwh2,0,0,0,1
696,terra16lshrh8gmjk62t30xm2j3wnhc3w4kgxkvvrdd9,1,0,0,1
697,terra16mala8z8xej526t4n889v5dedd8zyxsaw6wkmu,1,0,0,1
698,terra16mjhfdj44cgk6y224ttes4f9jh2d6mdjze4gm0,1,0,0,1
699,terra16rhrvl9ajt9mty7cysu76humsdq2ze3j48500f,1,0,0,1
700,terra16s3w9tfqm3sfztp8manhm2wh7v3k7ndguwz659,0,0,0,1
701,terra16srpvaerzt84jln7x23qyr4lp5eqcpmm6hhdam,0,0,0,1
702,terra16vpkrtqhnqzaywdudwruur5kwceemh7xd95x9r,1,0,0,1
703,terra16vzhe8500360lc8kp4hgapk8rk07ehucsuxa7v,0,0,0,1
704,terra16zfnf0fwdthvj4n470k77gheruqxym7rplyu2c,1,0,0,1
705,terra170zy2s4x8suwyht5t0z94wspcchnl7lckn5wjw,0,0,0,1
706,terra1727h6a3fuhmyarepzxr79vwam2l7ra4u9xyyyl,1,0,0,1
707,terra173cz3gl2e94ceqj7vfpua4phwx7uen9efxkpqd,0,0,0,1
708,terra174yc9k2d3r2afm5pz6agtnggk82e2lvvfvs5c9,0,0,0,1
709,terra1753p72k6y44alvn6yev8nkaf90pk65k5lk73ue,1,0,0,1
710,terra175vgxxdqem93hnemuyq7jku5v7ummsj3drnv5f,0,0,0,1
711,terra176hv2mdpj8g2wdese6najxs8vzqtmlhusd3fjp,1,0,0,1
712,terra17jxk6xu7gcsf0eawlr8kv34uyw44wzjnugy5qr,1,1,0,1
713,terra17nqhlg2esuzuu8mquhe7qhtal3rf5ekn5ulcuu,1,1,0,1
714,terra17q0rrhtjq7a4wgqwqfy3c07hjvj0kdxxsc0ka3,0,0,0,1
715,terra17u3f9nvx6u6mczwjv9cy2fql6u893yckvuk9wt,0,0,0,1
716,terra17vvwalvuwp9yctantqjamf7qa3qnju26jfz9mj,1,0,0,1
717,terra17w3qzv45hjvwfw5v5dt6q9j5xrexye5l4khe4z,0,0,1,1
718,terra17w93uxwzg55xc97w3lhc9fln2y3j8gje4qr3r7,1,1,0,1
719,terra180tqfzmnhava8slu9vh3737tnt753jzr4mafly,1,0,0,1
720,terra1822q0kxy2l3jmdcx8ns5a2ztf79lalvuln2rky,0,0,0,1
721,terra186mfgpxxqlum7ry9afus476pk4nkvrg8r336rn,1,0,0,1
722,terra18728r0aqctelew3zs5xpadq8xkxxjd968ahphf,0,0,0,1
723,terra187ze0rx0ntkrvavazak6nh8hd0feqaychy8j3x,1,0,0,1
724,terra187zk78lq8t2ga448l8l99dmu4ykp3ylfffdshh,0,0,0,1
725,terra188s3f8ayvqcmazj4nnjj6ala8ah69mcmmey27k,1,0,0,1
726,terra18ad0432wgth6g3gfvnvxpsjkf6slm0mn8skcm0,1,0,0,1
727,terra18ad5qcc600z4regg9uuhk8vx8kua3gjtzmgh8r,0,0,0,1
728,terra18da60z6n6j6uhec5vsnxnpmdxkq5ps3deq2te3,0,0,0,1
729,terra18dzdhjkn37wvjej98qa0xrxk5n0ygk0me8uh2n,0,0,0,1
730,terra18q8f9e4j8kgwfjjx50gxq86uctg94l0450rcwf,0,0,0,1
731,terra18ryugmgvztqt0pmr923cens6h52va08ujnlzdj,1,0,0,1
732,terra18vujrcz02t5qcp96d5d33enzldxy7vngmuxhsn,1,0,0,1
733,terra18xwae94yafekmfecn2rn8rnl38ezt2msl99ngz,0,0,0,1
734,terra18yte7d923p6fnjh6jwrt2fs7a2wa499gysenju,1,0,0,1
735,terra193kh9fnhgu9geeqa4ntysvh5dpzmaaacmw3729,0,0,0,1
736,terra1962s9qa6d7vg8w8ta2x30zyyqxekdj85ke9x0w,1,0,0,1
737,terra197wpykdmr4w829p3fn7xz0r3zptlz8sgsg2htm,0,0,0,1
738,terra19clr4tuh3u80r57jctt4lyrtjetccnv5faxgxl,1,1,0,1
739,terra19cyrpczkya6rhy76z5dqf524j7syqd2r44g459,1,0,0,1
740,terra19l4n2nn563zdg2rhqy0yjg3fm6hw22ntnzzmnk,1,0,0,1
741,terra19lgsf8es5u967s34f437svm5cgcf5yfcm0mpjv,0,0,0,1
742,terra19me65np9zchq5ppps82ay2k08dt0yj88f0r3cf,0,0,0,1
743,terra19puxm4stp4anvsl2xmylhkdmhu5q90txhhjnm2,1,0,0,1
744,terra19syl0vgj528j9z6zdj9drxs4pn6lv99uu8hajl,0,0,0,1
745,terra19syr7awckrvle968ae7f7l6zz7e7mz0a8k5wdv,0,0,0,1
746,terra19tv7ulgprauyy2cu9fslhvqtrnz3jvahn9mwn2,0,0,0,1
747,terra19uwr2arrn3kjlfw3594zql9jr8f9nss5vayul2,0,0,0,1
748,terra19v7t2t2c8dlzyke34jg9xe23kmu8dszzlqwh9d,1,0,0,1
749,terra19xxwpp2wj3j9kzfku6sq3gqnqv8lnzwrrpsl6l,1,0,0,1
750,terra19ywfmkrf90j9gc69p9gs2lt7nrnpu8gm7myxjd,1,0,0,1
751,terra19z46w3dlw85yy9p2n4squ8jtl25h423cr2feg3,1,0,0,1
752,terra19zkkfm59w2pa8q89477vqw6fmzjqhu7sstd52r,0,0,0,1
753,terra1a338zznpamyqfzs5yds60nc7qljddpyjlx0wme,1,0,0,1
754,terra1a6zgs892aq4z5x2ahrcy95utxcjhutkurzc2m5,0,0,0,1
755,terra1a79th0al7dyn788jpd47veeafejjfds6tq2ghe,1,0,0,1
756,terra1a9dhfdrlllqdl77mksw0xpr3w0lhlswvjr025k,0,0,0,1
757,terra1aavxhkpne90snmg3feyu8g96ta5qype6ja4g3n,1,0,0,1
758,terra1ad3a6dnncqgal99w48zcdwkv0yetp8jhhwpshz,1,0,0,1
759,terra1affusa8qnchg0zxnlynz96mecxk4wwc2u27pen,0,0,0,1
760,terra1aj749s3mqexkn4q79htvchk48wrn2lwrqcqsrc,1,1,0,1
761,terra1ajr49zhtnujesnqc4pcmdfzl4hquf5285ypvdg,0,0,0,1
762,terra1aky4257p45k0cayvuzrqk5v89x0uslyts8vas4,0,0,0,1
763,terra1amjt3drhwntkpcpqnmvu60mdau0r5mepdqlau6,0,0,0,1
764,terra1ancz4qt92z4hzzj2q3gfpxvzsxrj89azu95lzj,0,0,0,1
765,terra1aq2a00qg7qmhd8gf3w7jtn8hgrjpt4swzqrema,0,0,0,1
766,terra1ar28xyx4fxa3z0e40ngypyw422qu50aqyz92wc,1,0,0,1
767,terra1aseg4hkalald6hg23hrh73qnqfjyceex7ykktm,1,1,0,1
768,terra1at6r58ry7tjgtkyfad77620c2hy7yj2v9tm5ey,1,0,0,1
769,terra1au4g0xkhe63zevhf3h7uk0j6cqkfrkfq4cvds0,0,0,0,1
770,terra1ausn25cpuqr558zjcn65zel6gj5fvys0ync22k,0,0,0,1
771,terra1avtwjk5xeszvxd9hvwqlxvtvv3c7yf6qfydp6k,0,0,0,1
772,terra1awxvx2rd0nuplfnj3kyx2y8s500hvf4tmne7m7,1,0,0,1
773,terra1axf8xmf66d7pktyqjw20d28zae23atdezhfgpp,1,0,0,1
774,terra1axjenrjrqyxuec2s8pr2y574n4j4zp3z5y50s8,0,0,0,1
775,terra1aysya94w8fsw4k2hqj7j3dglsqlrpxa3v4zygr,0,0,0,1
776,terra1ayxcpmjwrldh6jstm2fmhqrgdefj2j02w0cdy7,1,0,0,1
777,terra1azd6zsand20tdznge8246lplsy2hp88er5azu6,0,0,0,1
778,terra1c2plfjtcyrw5vd0ahqrp97vlwnvlyjh94ww0pj,1,0,0,1
779,terra1c3q6eu4nwyw55y95mvhm86xwrdgp9vzddlf22j,0,0,0,1
780,terra1c3tquhhe959fmpu9jetka4w9xvp9fym0n98uc8,1,1,0,1
781,terra1c3u23lm6v9qdtsxdukpcgh92ts0xuzsxsxxzsr,1,0,0,1
782,terra1c4rv7445zl5cjzpkywpgczpavltw4sk9e5awnj,1,0,0,1
783,terra1c57ur376szdv8rtes6sa9nst4k536dynunksu8tx5zu4z5u3am6qmvqx47,1,1,0,1
784,terra1c5ghlxrh2xhnj32sajven0avkuf4r4ejavnkvj,0,0,0,1
785,terra1c5sln6rzmqzrptf7f837e98eemje6dfge8dc89,1,1,0,1
786,terra1c690mdrwdetnr09zfk3tf9xz9jhrgd9wpjyf3tuccj74ql09eqmq6sh7en,1,0,0,1
787,terra1c6g84yzxgstj4jwhjm9ya9j5u4lf6sfpg7cepg,0,0,0,1
788,terra1c8s6qr0nzepdnzr4m8p3krq8kfk8ex6yzrucc9,1,0,0,1
789,terra1caqnsrs6tm3rmvxm477t7apvxqlz02qx6nr5rl,1,1,0,1
790,terra1caz7un0vtg8ffalrtehvfjkpddk38jwmkun64k,0,0,0,1
791,terra1cczlrgqpr39pkmykuwmfwxgs45v7v9ckpkyc6y,1,0,0,1
792,terra1cl0xj9acpcr7wkmpp2uwaye24drgwkmr9wsag2,0,0,0,1
793,terra1cr8gvqj86duhgfpvjs5x237v4wfsf0qykacsjx,1,0,0,1
794,terra1cry38zflpdkfmxpjg3ej7nd78xfl6m269j2e8e,1,0,0,1
795,terra1cuuy0v7yczxxu2pvtuvv77k4ethj33keyu4n7y,0,0,0,1
796,terra1cw0lpm8vy0f0a5chhy3hlval5jpexz2qnx8p3r,1,0,0,1
797,terra1cwkrvhc6yac5lzrhh6grs9ejzmdv763gus4fl5,1,1,0,1
798,terra1cwmsseep6fnckt753nlxg5cz6x9hh7utfkzkpd,0,0,0,1
799,terra1cx8j8aym6lnj5z7m6xm6hd06jxzt9xpdyhryfq,1,0,0,1
800,terra1cyq6n7l3y7lzplv6jnl38julzeyg3rv9cvvyra,1,1,0,1
801,terra1cznyrvcu8mjq2jt2c8nr2u9hrek0t26yvps686,0,0,0,1
802,terra1d2800anenxq899kptt2gme8mhy7cgrj3ppsjp9,0,0,0,1
803,terra1d2ugu8shedttvv630qu3ene6yzgth4lesm9602,1,0,0,1
804,terra1d2un88e6vpramsxa8caqsgq4rrwsmplxjuxsky,1,0,0,1
805,terra1d6n0nvqcpz8ywpcqak383thavz9aaq0jugdmcs,1,0,0,1
806,terra1d8uurn9cdycvg0q992d5d9536h4fx2k7cpfkge,0,0,0,1
807,terra1da8muawzaf404rnz5huqggeuykmfnhu2fntkhz,0,0,0,1
808,terra1dauyx0wew8pc760apyewvlzfvrqgs0jf3609yv,1,0,0,1
809,terra1daw90dhgh652wjpcz2dtwc6k09lc2mn3j36tk5,0,0,0,1
810,terra1dc7h5wtyh9x2glpv4c20hk3d4vf6jlxmp8zrlc,0,0,0,1
811,terra1dg0tq4sc6e9eldayr29klfcspy06s062r6eskv,0,0,0,1
812,terra1dguyh7wldv5h47c05vx9dq3lcg2enf5jzp22kz,0,0,0,1
813,terra1dk485cjydmd8q4g04mc2u74j0uwftxg8e32ypr,0,0,0,1
814,terra1dmzj3tegc472gl6n8yd0ttcjt8n2grftwydg86,0,0,0,1
815,terra1dn3fgntfjfujfapre2cqrvthcttgkatggkqhqf,1,0,0,1
816,terra1dpdpclq2p3ggda0mwm5ym5yvmdj0sff2d0f53p,1,0,0,1
